,date,country,iso_alpha,rate,confirmed,death,recovered
0,2020-01-22,US,USA,1.0,1.0,0.0,0.0
1,2020-01-22,China,CHN,1.0,547.0,17.0,28.0
2,2020-01-22,India,IND,1.0,0.0,0.0,0.0
3,2020-01-22,Korea,KOR,1.0,1.0,0.0,0.0
4,2020-01-22,Singapore,SGP,1.0,0.0,0.0,0.0
5,2020-01-22,Italy,ITA,1.0,0.0,0.0,0.0
6,2020-01-22,UK,GBR,1.0,0.0,0.0,0.0
7,2020-01-22,Germany,DEU,1.0,0.0,0.0,0.0
8,2020-01-22,Spain,ESP,1.0,0.0,0.0,0.0
9,2020-01-22,Brazil,BRA,1.0,0.0,0.0,0.0
10,2020-01-22,Australia,AUS,1.0,0.0,0.0,0.0
11,2020-01-22,Canada,CAN,1.0,0.0,0.0,0.0
12,2020-01-23,US,USA,1.0,1.0,0.0,0.0
13,2020-01-23,China,CHN,1.1681870532531398,639.0,18.0,30.0
14,2020-01-23,India,IND,1.0,0.0,0.0,0.0
15,2020-01-23,Korea,KOR,1.0,1.0,0.0,0.0
16,2020-01-23,Singapore,SGP,101.0,1.0,0.0,0.0
17,2020-01-23,Italy,ITA,1.0,0.0,0.0,0.0
18,2020-01-23,UK,GBR,1.0,0.0,0.0,0.0
19,2020-01-23,Germany,DEU,1.0,0.0,0.0,0.0
20,2020-01-23,Spain,ESP,1.0,0.0,0.0,0.0
21,2020-01-23,Brazil,BRA,1.0,0.0,0.0,0.0
22,2020-01-23,Australia,AUS,1.0,0.0,0.0,0.0
23,2020-01-23,Canada,CAN,1.0,0.0,0.0,0.0
24,2020-01-24,US,USA,1.9900990099009899,2.0,0.0,0.0
25,2020-01-24,China,CHN,1.433483044083817,916.0,26.0,36.0
26,2020-01-24,India,IND,1.0,0.0,0.0,0.0
27,2020-01-24,Korea,KOR,1.9900990099009899,2.0,0.0,0.0
28,2020-01-24,Singapore,SGP,2.98019801980198,3.0,0.0,0.0
29,2020-01-24,Italy,ITA,1.0,0.0,0.0,0.0
30,2020-01-24,UK,GBR,1.0,0.0,0.0,0.0
31,2020-01-24,Germany,DEU,1.0,0.0,0.0,0.0
32,2020-01-24,Spain,ESP,1.0,0.0,0.0,0.0
33,2020-01-24,Brazil,BRA,1.0,0.0,0.0,0.0
34,2020-01-24,Australia,AUS,1.0,0.0,0.0,0.0
35,2020-01-24,Canada,CAN,1.0,0.0,0.0,0.0
36,2020-01-25,US,USA,1.0,2.0,0.0,0.0
37,2020-01-25,China,CHN,1.527286820012882,1399.0,42.0,39.0
38,2020-01-25,India,IND,1.0,0.0,0.0,0.0
39,2020-01-25,Korea,KOR,1.0,2.0,0.0,0.0
40,2020-01-25,Singapore,SGP,1.0,3.0,0.0,0.0
41,2020-01-25,Italy,ITA,1.0,0.0,0.0,0.0
42,2020-01-25,UK,GBR,1.0,0.0,0.0,0.0
43,2020-01-25,Germany,DEU,1.0,0.0,0.0,0.0
44,2020-01-25,Spain,ESP,1.0,0.0,0.0,0.0
45,2020-01-25,Brazil,BRA,1.0,0.0,0.0,0.0
46,2020-01-25,Australia,AUS,400.99999999999994,4.0,0.0,0.0
47,2020-01-25,Canada,CAN,1.0,0.0,0.0,0.0
48,2020-01-26,US,USA,2.492537313432836,5.0,0.0,0.0
49,2020-01-26,China,CHN,1.473906548201943,2062.0,56.0,49.0
50,2020-01-26,India,IND,1.0,0.0,0.0,0.0
51,2020-01-26,Korea,KOR,1.4975124378109452,3.0,0.0,0.0
52,2020-01-26,Singapore,SGP,1.3322259136212624,4.0,0.0,0.0
53,2020-01-26,Italy,ITA,1.0,0.0,0.0,0.0
54,2020-01-26,UK,GBR,1.0,0.0,0.0,0.0
55,2020-01-26,Germany,DEU,1.0,0.0,0.0,0.0
56,2020-01-26,Spain,ESP,1.0,0.0,0.0,0.0
57,2020-01-26,Brazil,BRA,1.0,0.0,0.0,0.0
58,2020-01-26,Australia,AUS,1.0,4.0,0.0,0.0
59,2020-01-26,Canada,CAN,101.0,1.0,0.0,0.0
60,2020-01-27,US,USA,1.0,5.0,0.0,0.0
61,2020-01-27,China,CHN,1.388455924074083,2863.0,82.0,58.0
62,2020-01-27,India,IND,1.0,0.0,0.0,0.0
63,2020-01-27,Korea,KOR,1.3322259136212624,4.0,0.0,0.0
64,2020-01-27,Singapore,SGP,1.2493765586034913,5.0,0.0,0.0
65,2020-01-27,Italy,ITA,1.0,0.0,0.0,0.0
66,2020-01-27,UK,GBR,1.0,0.0,0.0,0.0
67,2020-01-27,Germany,DEU,1.0,0.0,0.0,0.0
68,2020-01-27,Spain,ESP,1.0,0.0,0.0,0.0
69,2020-01-27,Brazil,BRA,1.0,0.0,0.0,0.0
70,2020-01-27,Australia,AUS,1.2493765586034913,5.0,0.0,0.0
71,2020-01-27,Canada,CAN,1.0,1.0,0.0,0.0
72,2020-01-28,US,USA,1.0,5.0,0.0,0.0
73,2020-01-28,China,CHN,1.918962909665003,5494.0,131.0,101.0
74,2020-01-28,India,IND,1.0,0.0,0.0,0.0
75,2020-01-28,Korea,KOR,1.0,4.0,0.0,0.0
76,2020-01-28,Singapore,SGP,1.3992015968063873,7.0,0.0,0.0
77,2020-01-28,Italy,ITA,1.0,0.0,0.0,0.0
78,2020-01-28,UK,GBR,1.0,0.0,0.0,0.0
79,2020-01-28,Germany,DEU,400.99999999999994,4.0,0.0,0.0
80,2020-01-28,Spain,ESP,1.0,0.0,0.0,0.0
81,2020-01-28,Brazil,BRA,1.0,0.0,0.0,0.0
82,2020-01-28,Australia,AUS,1.0,5.0,0.0,0.0
83,2020-01-28,Canada,CAN,1.9900990099009899,2.0,0.0,0.0
84,2020-01-29,US,USA,1.0,5.0,0.0,0.0
85,2020-01-29,China,CHN,1.104841454602376,6070.0,133.0,120.0
86,2020-01-29,India,IND,1.0,0.0,0.0,0.0
87,2020-01-29,Korea,KOR,1.0,4.0,0.0,0.0
88,2020-01-29,Singapore,SGP,1.0,7.0,0.0,0.0
89,2020-01-29,Italy,ITA,1.0,0.0,0.0,0.0
90,2020-01-29,UK,GBR,1.0,0.0,0.0,0.0
91,2020-01-29,Germany,DEU,1.0,4.0,0.0,0.0
92,2020-01-29,Spain,ESP,1.0,0.0,0.0,0.0
93,2020-01-29,Brazil,BRA,1.0,0.0,0.0,0.0
94,2020-01-29,Australia,AUS,1.0,5.0,0.0,0.0
95,2020-01-29,Canada,CAN,1.0,2.0,0.0,0.0
96,2020-01-30,US,USA,1.0,5.0,0.0,0.0
97,2020-01-30,China,CHN,1.3383849450000906,8124.0,171.0,135.0
98,2020-01-30,India,IND,101.0,1.0,0.0,0.0
99,2020-01-30,Korea,KOR,1.0,4.0,0.0,0.0
100,2020-01-30,Singapore,SGP,1.4279600570613409,10.0,0.0,0.0
101,2020-01-30,Italy,ITA,1.0,0.0,0.0,0.0
102,2020-01-30,UK,GBR,1.0,0.0,0.0,0.0
103,2020-01-30,Germany,DEU,1.0,4.0,0.0,0.0
104,2020-01-30,Spain,ESP,1.0,0.0,0.0,0.0
105,2020-01-30,Brazil,BRA,1.0,0.0,0.0,0.0
106,2020-01-30,Australia,AUS,1.7984031936127745,9.0,0.0,2.0
107,2020-01-30,Canada,CAN,1.4975124378109452,3.0,0.0,0.0
108,2020-01-31,US,USA,1.1996007984031936,6.0,0.0,0.0
109,2020-01-31,China,CHN,1.2042094975264679,9783.0,213.0,214.0
110,2020-01-31,India,IND,1.0,1.0,0.0,0.0
111,2020-01-31,Korea,KOR,2.745635910224439,11.0,0.0,0.0
112,2020-01-31,Singapore,SGP,1.2997002997002998,13.0,0.0,0.0
113,2020-01-31,Italy,ITA,200.99999999999997,2.0,0.0,0.0
114,2020-01-31,UK,GBR,200.99999999999997,2.0,0.0,0.0
115,2020-01-31,Germany,DEU,1.2493765586034913,5.0,0.0,0.0
116,2020-01-31,Spain,ESP,1.0,0.0,0.0,0.0
117,2020-01-31,Brazil,BRA,1.0,0.0,0.0,0.0
118,2020-01-31,Australia,AUS,1.0,9.0,0.0,2.0
119,2020-01-31,Canada,CAN,1.0,3.0,0.0,0.0
120,2020-02-01,US,USA,1.3327787021630615,8.0,0.0,0.0
121,2020-02-01,China,CHN,1.2134312445760558,11871.0,259.0,275.0
122,2020-02-01,India,IND,1.0,1.0,0.0,0.0
123,2020-02-01,Korea,KOR,1.0908265213442325,12.0,0.0,0.0
124,2020-02-01,Singapore,SGP,1.2305918524212145,16.0,0.0,0.0
125,2020-02-01,Italy,ITA,1.0,2.0,0.0,0.0
126,2020-02-01,UK,GBR,1.0,2.0,0.0,0.0
127,2020-02-01,Germany,DEU,1.598802395209581,8.0,0.0,0.0
128,2020-02-01,Spain,ESP,101.0,1.0,0.0,0.0
129,2020-02-01,Brazil,BRA,1.0,0.0,0.0,0.0
130,2020-02-01,Australia,AUS,1.332963374028857,12.0,0.0,2.0
131,2020-02-01,Canada,CAN,1.3322259136212624,4.0,0.0,0.0
132,2020-02-02,US,USA,1.0,8.0,0.0,0.0
133,2020-02-02,China,CHN,1.3989551015456982,16607.0,361.0,463.0
134,2020-02-02,India,IND,1.9900990099009899,2.0,0.0,0.0
135,2020-02-02,Korea,KOR,1.2497918401332224,15.0,0.0,0.0
136,2020-02-02,Singapore,SGP,1.1249219237976265,18.0,0.0,0.0
137,2020-02-02,Italy,ITA,1.0,2.0,0.0,0.0
138,2020-02-02,UK,GBR,1.0,2.0,0.0,0.0
139,2020-02-02,Germany,DEU,1.2496878901373283,10.0,0.0,0.0
140,2020-02-02,Spain,ESP,1.0,1.0,0.0,0.0
141,2020-02-02,Brazil,BRA,1.0,0.0,0.0,0.0
142,2020-02-02,Australia,AUS,1.0,12.0,0.0,2.0
143,2020-02-02,Canada,CAN,1.0,4.0,0.0,0.0
144,2020-02-03,US,USA,1.3745318352059925,11.0,0.0,0.0
145,2020-02-03,China,CHN,1.1858251425151187,19693.0,425.0,614.0
146,2020-02-03,India,IND,1.4975124378109452,3.0,0.0,0.0
147,2020-02-03,Korea,KOR,1.0,15.0,0.0,0.0
148,2020-02-03,Singapore,SGP,1.0,18.0,0.0,0.0
149,2020-02-03,Italy,ITA,1.0,2.0,0.0,0.0
150,2020-02-03,UK,GBR,1.0,2.0,0.0,0.0
151,2020-02-03,Germany,DEU,1.1998001998001997,12.0,0.0,0.0
152,2020-02-03,Spain,ESP,1.0,1.0,0.0,0.0
153,2020-02-03,Brazil,BRA,1.0,0.0,0.0,0.0
154,2020-02-03,Australia,AUS,1.0,12.0,0.0,2.0
155,2020-02-03,Canada,CAN,1.0,4.0,0.0,0.0
156,2020-02-04,US,USA,1.0,11.0,0.0,0.0
157,2020-02-04,China,CHN,1.2024576232886695,23680.0,490.0,843.0
158,2020-02-04,India,IND,1.0,3.0,0.0,0.0
159,2020-02-04,Korea,KOR,1.066622251832112,16.0,0.0,0.0
160,2020-02-04,Singapore,SGP,1.3331482509716823,24.0,0.0,0.0
161,2020-02-04,Italy,ITA,1.0,2.0,0.0,0.0
162,2020-02-04,UK,GBR,1.0,2.0,0.0,0.0
163,2020-02-04,Germany,DEU,1.0,12.0,0.0,0.0
164,2020-02-04,Spain,ESP,1.0,1.0,0.0,0.0
165,2020-02-04,Brazil,BRA,1.0,0.0,0.0,0.0
166,2020-02-04,Australia,AUS,1.083263946711074,13.0,0.0,2.0
167,2020-02-04,Canada,CAN,1.0,4.0,0.0,0.0
168,2020-02-05,US,USA,1.0908265213442325,12.0,0.0,0.0
169,2020-02-05,China,CHN,1.1574745956610661,27409.0,562.0,1115.0
170,2020-02-05,India,IND,1.0,3.0,0.0,0.0
171,2020-02-05,Korea,KOR,1.1873828856964397,19.0,0.0,0.0
172,2020-02-05,Singapore,SGP,1.1665972511453562,28.0,0.0,0.0
173,2020-02-05,Italy,ITA,1.0,2.0,0.0,0.0
174,2020-02-05,UK,GBR,1.0,2.0,0.0,0.0
175,2020-02-05,Germany,DEU,1.0,12.0,0.0,0.0
176,2020-02-05,Spain,ESP,1.0,1.0,0.0,0.0
177,2020-02-05,Brazil,BRA,1.0,0.0,0.0,0.0
178,2020-02-05,Australia,AUS,1.0,13.0,0.0,2.0
179,2020-02-05,Canada,CAN,1.2493765586034913,5.0,0.0,0.0
180,2020-02-06,US,USA,1.0,12.0,0.0,0.0
181,2020-02-06,China,CHN,1.114706806265531,30553.0,632.0,1476.0
182,2020-02-06,India,IND,1.0,3.0,0.0,0.0
183,2020-02-06,Korea,KOR,1.2104155707522357,23.0,0.0,0.0
184,2020-02-06,Singapore,SGP,1.0,28.0,0.0,0.0
185,2020-02-06,Italy,ITA,1.0,2.0,0.0,0.0
186,2020-02-06,UK,GBR,1.0,2.0,0.0,0.0
187,2020-02-06,Germany,DEU,1.0,12.0,0.0,0.0
188,2020-02-06,Spain,ESP,1.0,1.0,0.0,0.0
189,2020-02-06,Brazil,BRA,1.0,0.0,0.0,0.0
190,2020-02-06,Australia,AUS,1.0768639508070714,14.0,0.0,2.0
191,2020-02-06,Canada,CAN,1.0,5.0,0.0,0.0
192,2020-02-07,US,USA,1.0,12.0,0.0,0.0
193,2020-02-07,China,CHN,1.1152750580057416,34075.0,717.0,1998.0
194,2020-02-07,India,IND,1.0,3.0,0.0,0.0
195,2020-02-07,Korea,KOR,1.0434593654932638,24.0,0.0,1.0
196,2020-02-07,Singapore,SGP,1.0714030703320243,30.0,0.0,0.0
197,2020-02-07,Italy,ITA,1.4975124378109452,3.0,0.0,0.0
198,2020-02-07,UK,GBR,1.4975124378109452,3.0,0.0,0.0
199,2020-02-07,Germany,DEU,1.083263946711074,13.0,0.0,0.0
200,2020-02-07,Spain,ESP,1.0,1.0,0.0,0.0
201,2020-02-07,Brazil,BRA,1.0,0.0,0.0,0.0
202,2020-02-07,Australia,AUS,1.0713775874375446,15.0,0.0,2.0
203,2020-02-07,Canada,CAN,1.3992015968063873,7.0,0.0,0.0
204,2020-02-08,US,USA,1.0,12.0,0.0,0.0
205,2020-02-08,China,CHN,1.0793249950623638,36778.0,804.0,2595.0
206,2020-02-08,India,IND,1.0,3.0,0.0,0.0
207,2020-02-08,Korea,KOR,1.0,24.0,0.0,1.0
208,2020-02-08,Singapore,SGP,1.099966677774075,33.0,0.0,2.0
209,2020-02-08,Italy,ITA,1.0,3.0,0.0,0.0
210,2020-02-08,UK,GBR,1.0,3.0,0.0,0.0
211,2020-02-08,Germany,DEU,1.0,13.0,0.0,0.0
212,2020-02-08,Spain,ESP,1.0,1.0,0.0,0.0
213,2020-02-08,Brazil,BRA,1.0,0.0,0.0,0.0
214,2020-02-08,Australia,AUS,1.0,15.0,0.0,2.0
215,2020-02-08,Canada,CAN,1.0,7.0,0.0,0.0
216,2020-02-09,US,USA,1.0,12.0,0.0,3.0
217,2020-02-09,China,CHN,1.0818967638542705,39790.0,904.0,3218.0
218,2020-02-09,India,IND,1.0,3.0,0.0,0.0
219,2020-02-09,Korea,KOR,1.041649312786339,25.0,0.0,3.0
220,2020-02-09,Singapore,SGP,1.2120569524386549,40.0,0.0,2.0
221,2020-02-09,Italy,ITA,1.0,3.0,0.0,0.0
222,2020-02-09,UK,GBR,1.0,3.0,0.0,0.0
223,2020-02-09,Germany,DEU,1.0768639508070714,14.0,0.0,0.0
224,2020-02-09,Spain,ESP,1.9900990099009899,2.0,0.0,0.0
225,2020-02-09,Brazil,BRA,1.0,0.0,0.0,0.0
226,2020-02-09,Australia,AUS,1.0,15.0,0.0,2.0
227,2020-02-09,Canada,CAN,1.0,7.0,0.0,0.0
228,2020-02-10,US,USA,1.0,12.0,0.0,3.0
229,2020-02-10,China,CHN,1.0632319519396953,42306.0,1011.0,3917.0
230,2020-02-10,India,IND,1.0,3.0,0.0,0.0
231,2020-02-10,Korea,KOR,1.079968012794882,27.0,0.0,3.0
232,2020-02-10,Singapore,SGP,1.1249687578105474,45.0,0.0,2.0
233,2020-02-10,Italy,ITA,1.0,3.0,0.0,0.0
234,2020-02-10,UK,GBR,2.6611295681063125,8.0,0.0,0.0
235,2020-02-10,Germany,DEU,1.0,14.0,0.0,0.0
236,2020-02-10,Spain,ESP,1.0,2.0,0.0,0.0
237,2020-02-10,Brazil,BRA,1.0,0.0,0.0,0.0
238,2020-02-10,Australia,AUS,1.0,15.0,0.0,2.0
239,2020-02-10,Canada,CAN,1.0,7.0,0.0,0.0
240,2020-02-11,US,USA,1.083263946711074,13.0,0.0,3.0
241,2020-02-11,China,CHN,1.0477709904573842,44327.0,1111.0,4635.0
242,2020-02-11,India,IND,1.0,3.0,0.0,0.0
243,2020-02-11,Korea,KOR,1.0370233246945575,28.0,0.0,3.0
244,2020-02-11,Singapore,SGP,1.0444345700955344,47.0,0.0,9.0
245,2020-02-11,Italy,ITA,1.0,3.0,0.0,0.0
246,2020-02-11,UK,GBR,1.0,8.0,0.0,0.0
247,2020-02-11,Germany,DEU,1.1427551748750893,16.0,0.0,0.0
248,2020-02-11,Spain,ESP,1.0,2.0,0.0,0.0
249,2020-02-11,Brazil,BRA,1.0,0.0,0.0,0.0
250,2020-02-11,Australia,AUS,1.0,15.0,0.0,2.0
251,2020-02-11,Canada,CAN,1.0,7.0,0.0,0.0
252,2020-02-12,US,USA,1.0,13.0,0.0,3.0
253,2020-02-12,China,CHN,1.0083921744326991,44699.0,1116.0,5079.0
254,2020-02-12,India,IND,1.0,3.0,0.0,0.0
255,2020-02-12,Korea,KOR,1.0,28.0,0.0,7.0
256,2020-02-12,Singapore,SGP,1.0638162093171666,50.0,0.0,15.0
257,2020-02-12,Italy,ITA,1.0,3.0,0.0,0.0
258,2020-02-12,UK,GBR,1.1248439450686643,9.0,0.0,1.0
259,2020-02-12,Germany,DEU,1.0,16.0,0.0,0.0
260,2020-02-12,Spain,ESP,1.0,2.0,0.0,0.0
261,2020-02-12,Brazil,BRA,1.0,0.0,0.0,0.0
262,2020-02-12,Australia,AUS,1.0,15.0,0.0,2.0
263,2020-02-12,Canada,CAN,1.0,7.0,0.0,1.0
264,2020-02-13,US,USA,1.153727901614143,15.0,0.0,3.0
265,2020-02-13,China,CHN,1.3385533594591916,59832.0,1368.0,6213.0
266,2020-02-13,India,IND,1.0,3.0,0.0,0.0
267,2020-02-13,Korea,KOR,1.0,28.0,0.0,7.0
268,2020-02-13,Singapore,SGP,1.1599680063987203,58.0,0.0,15.0
269,2020-02-13,Italy,ITA,1.0,3.0,0.0,0.0
270,2020-02-13,UK,GBR,1.0,9.0,0.0,1.0
271,2020-02-13,Germany,DEU,1.0,16.0,0.0,1.0
272,2020-02-13,Spain,ESP,1.0,2.0,0.0,0.0
273,2020-02-13,Brazil,BRA,1.0,0.0,0.0,0.0
274,2020-02-13,Australia,AUS,1.0,15.0,0.0,8.0
275,2020-02-13,Canada,CAN,1.0,7.0,0.0,1.0
276,2020-02-14,US,USA,1.0,15.0,0.0,3.0
277,2020-02-14,China,CHN,1.107968961764781,66292.0,1520.0,7973.0
278,2020-02-14,India,IND,1.0,3.0,0.0,0.0
279,2020-02-14,Korea,KOR,1.0,28.0,0.0,7.0
280,2020-02-14,Singapore,SGP,1.1551456645405966,67.0,0.0,17.0
281,2020-02-14,Italy,ITA,1.0,3.0,0.0,0.0
282,2020-02-14,UK,GBR,1.0,9.0,0.0,1.0
283,2020-02-14,Germany,DEU,1.0,16.0,0.0,1.0
284,2020-02-14,Spain,ESP,1.0,2.0,0.0,0.0
285,2020-02-14,Brazil,BRA,1.0,0.0,0.0,0.0
286,2020-02-14,Australia,AUS,1.0,15.0,0.0,8.0
287,2020-02-14,Canada,CAN,1.0,7.0,0.0,1.0
288,2020-02-15,US,USA,1.0,15.0,0.0,3.0
289,2020-02-15,China,CHN,1.0309992109154633,68347.0,1662.0,9294.0
290,2020-02-15,India,IND,1.0,3.0,0.0,0.0
291,2020-02-15,Korea,KOR,1.0,28.0,0.0,9.0
292,2020-02-15,Singapore,SGP,1.0746157289956724,72.0,0.0,18.0
293,2020-02-15,Italy,ITA,1.0,3.0,0.0,0.0
294,2020-02-15,UK,GBR,1.0,9.0,0.0,1.0
295,2020-02-15,Germany,DEU,1.0,16.0,0.0,1.0
296,2020-02-15,Spain,ESP,1.0,2.0,0.0,2.0
297,2020-02-15,Brazil,BRA,1.0,0.0,0.0,0.0
298,2020-02-15,Australia,AUS,1.0,15.0,0.0,8.0
299,2020-02-15,Canada,CAN,1.0,7.0,0.0,1.0
300,2020-02-16,US,USA,1.0,15.0,0.0,3.0
301,2020-02-16,China,CHN,1.0307109264911516,70446.0,1765.0,10748.0
302,2020-02-16,India,IND,1.0,3.0,0.0,3.0
303,2020-02-16,Korea,KOR,1.0357015351660122,29.0,0.0,9.0
304,2020-02-16,Singapore,SGP,1.0416608804332732,75.0,0.0,18.0
305,2020-02-16,Italy,ITA,1.0,3.0,0.0,0.0
306,2020-02-16,UK,GBR,1.0,9.0,0.0,8.0
307,2020-02-16,Germany,DEU,1.0,16.0,0.0,1.0
308,2020-02-16,Spain,ESP,1.0,2.0,0.0,2.0
309,2020-02-16,Brazil,BRA,1.0,0.0,0.0,0.0
310,2020-02-16,Australia,AUS,1.0,15.0,0.0,8.0
311,2020-02-16,Canada,CAN,1.0,7.0,0.0,1.0
312,2020-02-17,US,USA,1.0,15.0,0.0,3.0
313,2020-02-17,China,CHN,1.0272265242559515,72364.0,1863.0,12455.0
314,2020-02-17,India,IND,1.0,3.0,0.0,3.0
315,2020-02-17,Korea,KOR,1.0344708721130644,30.0,0.0,10.0
316,2020-02-17,Singapore,SGP,1.026663111585122,77.0,0.0,24.0
317,2020-02-17,Italy,ITA,1.0,3.0,0.0,0.0
318,2020-02-17,UK,GBR,1.0,9.0,0.0,8.0
319,2020-02-17,Germany,DEU,1.0,16.0,0.0,1.0
320,2020-02-17,Spain,ESP,1.0,2.0,0.0,2.0
321,2020-02-17,Brazil,BRA,1.0,0.0,0.0,0.0
322,2020-02-17,Australia,AUS,1.0,15.0,0.0,10.0
323,2020-02-17,Canada,CAN,1.1426533523537803,8.0,0.0,1.0
324,2020-02-18,US,USA,1.0,15.0,0.0,3.0
325,2020-02-18,China,CHN,1.024528767822568,74139.0,2002.0,14199.0
326,2020-02-18,India,IND,1.0,3.0,0.0,3.0
327,2020-02-18,Korea,KOR,1.0333222259246917,31.0,0.0,12.0
328,2020-02-18,Singapore,SGP,1.051941306323854,81.0,0.0,29.0
329,2020-02-18,Italy,ITA,1.0,3.0,0.0,0.0
330,2020-02-18,UK,GBR,1.0,9.0,0.0,8.0
331,2020-02-18,Germany,DEU,1.0,16.0,0.0,12.0
332,2020-02-18,Spain,ESP,1.0,2.0,0.0,2.0
333,2020-02-18,Brazil,BRA,1.0,0.0,0.0,0.0
334,2020-02-18,Australia,AUS,1.0,15.0,0.0,10.0
335,2020-02-18,Canada,CAN,1.0,8.0,0.0,1.0
336,2020-02-19,US,USA,1.0,15.0,0.0,3.0
337,2020-02-19,China,CHN,1.0054896875477566,74546.0,2114.0,15952.0
338,2020-02-19,India,IND,1.0,3.0,0.0,3.0
339,2020-02-19,Korea,KOR,1.0,31.0,0.0,12.0
340,2020-02-19,Singapore,SGP,1.037032465127762,84.0,0.0,34.0
341,2020-02-19,Italy,ITA,1.0,3.0,0.0,0.0
342,2020-02-19,UK,GBR,1.0,9.0,0.0,8.0
343,2020-02-19,Germany,DEU,1.0,16.0,0.0,12.0
344,2020-02-19,Spain,ESP,1.0,2.0,0.0,2.0
345,2020-02-19,Brazil,BRA,1.0,0.0,0.0,0.0
346,2020-02-19,Australia,AUS,1.0,15.0,0.0,10.0
347,2020-02-19,Canada,CAN,1.0,8.0,0.0,1.0
348,2020-02-20,US,USA,1.0,15.0,0.0,3.0
349,2020-02-20,China,CHN,1.0060767839888412,74999.0,2236.0,18002.0
350,2020-02-20,India,IND,1.0,3.0,0.0,3.0
351,2020-02-20,Korea,KOR,3.3540793292486293,104.0,1.0,16.0
352,2020-02-20,Singapore,SGP,1.0,84.0,0.0,34.0
353,2020-02-20,Italy,ITA,1.0,3.0,0.0,0.0
354,2020-02-20,UK,GBR,1.0,9.0,0.0,8.0
355,2020-02-20,Germany,DEU,1.0,16.0,0.0,12.0
356,2020-02-20,Spain,ESP,1.0,2.0,0.0,2.0
357,2020-02-20,Brazil,BRA,1.0,0.0,0.0,0.0
358,2020-02-20,Australia,AUS,1.0,15.0,0.0,10.0
359,2020-02-20,Canada,CAN,1.0,8.0,0.0,1.0
360,2020-02-21,US,USA,2.3324450366422385,35.0,0.0,5.0
361,2020-02-21,China,CHN,1.0063067499157656,75472.0,2236.0,18693.0
362,2020-02-21,India,IND,1.0,3.0,0.0,3.0
363,2020-02-21,Korea,KOR,1.9614460148062685,204.0,2.0,16.0
364,2020-02-21,Singapore,SGP,1.0119033448399,85.0,0.0,37.0
365,2020-02-21,Italy,ITA,6.647840531561463,20.0,1.0,0.0
366,2020-02-21,UK,GBR,1.0,9.0,0.0,8.0
367,2020-02-21,Germany,DEU,1.0,16.0,0.0,14.0
368,2020-02-21,Spain,ESP,1.0,2.0,0.0,2.0
369,2020-02-21,Brazil,BRA,1.0,0.0,0.0,0.0
370,2020-02-21,Australia,AUS,1.2664890073284478,19.0,0.0,11.0
371,2020-02-21,Canada,CAN,1.1248439450686643,9.0,0.0,3.0
372,2020-02-22,US,USA,1.0,35.0,0.0,5.0
373,2020-02-22,China,CHN,1.0192124206046718,76922.0,2441.0,22687.0
374,2020-02-22,India,IND,1.0,3.0,0.0,3.0
375,2020-02-22,Korea,KOR,2.1224939953923827,433.0,2.0,16.0
376,2020-02-22,Singapore,SGP,1.0,85.0,0.0,37.0
377,2020-02-22,Italy,ITA,3.098950524737631,62.0,2.0,1.0
378,2020-02-22,UK,GBR,1.0,9.0,0.0,8.0
379,2020-02-22,Germany,DEU,1.0,16.0,0.0,14.0
380,2020-02-22,Spain,ESP,1.0,2.0,0.0,2.0
381,2020-02-22,Brazil,BRA,1.0,0.0,0.0,0.0
382,2020-02-22,Australia,AUS,1.1578116780641767,22.0,0.0,11.0
383,2020-02-22,Canada,CAN,1.0,9.0,0.0,3.0
384,2020-02-23,US,USA,1.0,35.0,0.0,5.0
385,2020-02-23,China,CHN,1.000208002885,76938.0,2443.0,23170.0
386,2020-02-23,India,IND,1.0,3.0,0.0,3.0
387,2020-02-23,Korea,KOR,1.3902912172929032,602.0,6.0,18.0
388,2020-02-23,Singapore,SGP,1.0470532878484884,89.0,0.0,51.0
389,2020-02-23,Italy,ITA,2.4997581035316885,155.0,3.0,2.0
390,2020-02-23,UK,GBR,1.0,9.0,0.0,8.0
391,2020-02-23,Germany,DEU,1.0,16.0,0.0,14.0
392,2020-02-23,Spain,ESP,1.0,2.0,0.0,2.0
393,2020-02-23,Brazil,BRA,1.0,0.0,0.0,0.0
394,2020-02-23,Australia,AUS,1.0,22.0,0.0,11.0
395,2020-02-23,Canada,CAN,1.0,9.0,0.0,3.0
396,2020-02-24,US,USA,1.5141388174807198,53.0,0.0,5.0
397,2020-02-24,China,CHN,1.0027814600351634,77152.0,2593.0,24990.0
398,2020-02-24,India,IND,1.0,3.0,0.0,3.0
399,2020-02-24,Korea,KOR,1.3837145562366073,833.0,8.0,18.0
400,2020-02-24,Singapore,SGP,1.0,89.0,0.0,51.0
401,2020-02-24,Italy,ITA,1.4773885555770596,229.0,7.0,1.0
402,2020-02-24,UK,GBR,1.4439511653718091,13.0,0.0,8.0
403,2020-02-24,Germany,DEU,1.0,16.0,0.0,14.0
404,2020-02-24,Spain,ESP,1.0,2.0,0.0,2.0
405,2020-02-24,Brazil,BRA,1.0,0.0,0.0,0.0
406,2020-02-24,Australia,AUS,1.0,22.0,0.0,11.0
407,2020-02-24,Canada,CAN,1.1109877913429522,10.0,0.0,3.0
408,2020-02-25,US,USA,1.0,53.0,0.0,6.0
409,2020-02-25,China,CHN,1.0065844039578489,77660.0,2663.0,27650.0
410,2020-02-25,India,IND,1.0,3.0,0.0,3.0
411,2020-02-25,Korea,KOR,1.1728670724241006,977.0,10.0,22.0
412,2020-02-25,Singapore,SGP,1.0224693854623077,91.0,0.0,53.0
413,2020-02-25,Italy,ITA,1.4060958036766953,322.0,10.0,1.0
414,2020-02-25,UK,GBR,1.0,13.0,0.0,8.0
415,2020-02-25,Germany,DEU,1.0624609618988132,17.0,0.0,14.0
416,2020-02-25,Spain,ESP,2.9900497512437814,6.0,0.0,2.0
417,2020-02-25,Brazil,BRA,1.0,0.0,0.0,0.0
418,2020-02-25,Australia,AUS,1.0,22.0,0.0,11.0
419,2020-02-25,Canada,CAN,1.0999000999000998,11.0,0.0,3.0
420,2020-02-26,US,USA,1.1131861912846632,59.0,0.0,6.0
421,2020-02-26,China,CHN,1.0052150392460675,78065.0,2715.0,30053.0
422,2020-02-26,India,IND,1.0,3.0,0.0,3.0
423,2020-02-26,Korea,KOR,1.2906827975148667,1261.0,12.0,22.0
424,2020-02-26,Singapore,SGP,1.0219756070761454,93.0,0.0,62.0
425,2020-02-26,Italy,ITA,1.4068196639855906,453.0,12.0,3.0
426,2020-02-26,UK,GBR,1.0,13.0,0.0,8.0
427,2020-02-26,Germany,DEU,1.5878894767783656,27.0,0.0,15.0
428,2020-02-26,Spain,ESP,2.1647254575707153,13.0,0.0,2.0
429,2020-02-26,Brazil,BRA,101.0,1.0,0.0,0.0
430,2020-02-26,Australia,AUS,1.0,22.0,0.0,11.0
431,2020-02-26,Canada,CAN,1.0,11.0,0.0,3.0
432,2020-02-27,US,USA,1.016946280291476,60.0,0.0,6.0
433,2020-02-27,China,CHN,1.005546659124235,78498.0,2744.0,32898.0
434,2020-02-27,India,IND,1.0,3.0,0.0,3.0
435,2020-02-27,Korea,KOR,1.400472637013188,1766.0,13.0,22.0
436,2020-02-27,Singapore,SGP,1.0,93.0,0.0,62.0
437,2020-02-27,Italy,ITA,1.4459062713847377,655.0,17.0,45.0
438,2020-02-27,UK,GBR,1.153727901614143,15.0,0.0,8.0
439,2020-02-27,Germany,DEU,1.7034431691965937,46.0,0.0,16.0
440,2020-02-27,Spain,ESP,1.153727901614143,15.0,0.0,2.0
441,2020-02-27,Brazil,BRA,1.0,1.0,0.0,0.0
442,2020-02-27,Australia,AUS,1.0454338936846888,23.0,0.0,11.0
443,2020-02-27,Canada,CAN,1.181653042688465,13.0,0.0,6.0
444,2020-02-28,US,USA,1.0333277787035493,62.0,0.0,7.0
445,2020-02-28,China,CHN,1.004152971521189,78824.0,2788.0,36291.0
446,2020-02-28,India,IND,1.0,3.0,0.0,3.0
447,2020-02-28,Korea,KOR,1.323327727476062,2337.0,13.0,22.0
448,2020-02-28,Singapore,SGP,1.0,93.0,0.0,62.0
449,2020-02-28,Italy,ITA,1.3557197600036641,888.0,21.0,46.0
450,2020-02-28,UK,GBR,1.3331112591605598,20.0,0.0,8.0
451,2020-02-28,Germany,DEU,1.0434688111280157,48.0,0.0,16.0
452,2020-02-28,Spain,ESP,2.1325782811459026,32.0,0.0,2.0
453,2020-02-28,Brazil,BRA,1.0,1.0,0.0,0.0
454,2020-02-28,Australia,AUS,1.0,23.0,0.0,11.0
455,2020-02-28,Canada,CAN,1.0768639508070714,14.0,0.0,6.0
456,2020-02-29,US,USA,1.129011449766167,70.0,1.0,7.0
457,2020-02-29,China,CHN,1.005417131150775,79251.0,2835.0,39279.0
458,2020-02-29,India,IND,1.0,3.0,0.0,3.0
459,2020-02-29,Korea,KOR,1.347880411294774,3150.0,16.0,27.0
460,2020-02-29,Singapore,SGP,1.0967637888399098,102.0,0.0,72.0
461,2020-02-29,Italy,ITA,1.2702672267204198,1128.0,29.0,46.0
462,2020-02-29,UK,GBR,1.1499250374812593,23.0,0.0,8.0
463,2020-02-29,Germany,DEU,1.6456988127473444,79.0,0.0,16.0
464,2020-02-29,Spain,ESP,1.4061230865354577,45.0,0.0,2.0
465,2020-02-29,Brazil,BRA,1.9900990099009899,2.0,0.0,0.0
466,2020-02-29,Australia,AUS,1.0869187309865276,25.0,0.0,11.0
467,2020-02-29,Canada,CAN,1.4282655246252678,20.0,0.0,6.0
468,2020-03-01,US,USA,1.0857020425653479,76.0,1.0,7.0
469,2020-03-01,China,CHN,1.007255428038078,79826.0,2870.0,42118.0
470,2020-03-01,India,IND,1.0,3.0,0.0,3.0
471,2020-03-01,Korea,KOR,1.1860311554566494,3736.0,17.0,30.0
472,2020-03-01,Singapore,SGP,1.0392118419762768,106.0,0.0,72.0
473,2020-03-01,Italy,ITA,1.5017686013421867,1694.0,34.0,83.0
474,2020-03-01,UK,GBR,1.5649717514124293,36.0,0.0,8.0
475,2020-03-01,Germany,DEU,1.6454879129224147,130.0,0.0,16.0
476,2020-03-01,Spain,ESP,1.8664741168629195,84.0,0.0,2.0
477,2020-03-01,Brazil,BRA,1.0,2.0,0.0,0.0
478,2020-03-01,Australia,AUS,1.079968012794882,27.0,1.0,11.0
479,2020-03-01,Canada,CAN,1.1999000499750125,24.0,0.0,6.0
480,2020-03-02,US,USA,1.328904091566899,101.0,6.0,7.0
481,2020-03-02,China,CHN,1.0025054490384775,80026.0,2912.0,44810.0
482,2020-03-02,India,IND,1.664451827242525,5.0,0.0,3.0
483,2020-03-02,Korea,KOR,1.16033147662881,4335.0,28.0,30.0
484,2020-03-02,Singapore,SGP,1.0188661447033298,108.0,0.0,78.0
485,2020-03-02,Italy,ITA,1.2018878282890892,2036.0,52.0,149.0
486,2020-03-02,UK,GBR,1.1110802554845876,40.0,0.0,8.0
487,2020-03-02,Germany,DEU,1.2230597646334898,159.0,0.0,16.0
488,2020-03-02,Spain,ESP,1.4285204142364003,120.0,0.0,2.0
489,2020-03-02,Brazil,BRA,1.0,2.0,0.0,0.0
490,2020-03-02,Australia,AUS,1.1110699740836727,30.0,1.0,11.0
491,2020-03-02,Canada,CAN,1.124947938359017,27.0,0.0,6.0
492,2020-03-03,US,USA,1.207900207900208,122.0,7.0,8.0
493,2020-03-03,China,CHN,1.0015619921572998,80151.0,2945.0,47404.0
494,2020-03-03,India,IND,1.0,5.0,0.0,3.0
495,2020-03-03,Korea,KOR,1.1963086590342351,5186.0,28.0,30.0
496,2020-03-03,Singapore,SGP,1.0185168039996297,110.0,0.0,78.0
497,2020-03-03,Italy,ITA,1.2288790330106434,2502.0,79.0,160.0
498,2020-03-03,UK,GBR,1.2749312671832043,51.0,0.0,8.0
499,2020-03-03,Germany,DEU,1.2326897679391233,196.0,0.0,16.0
500,2020-03-03,Spain,ESP,1.3749687526039496,165.0,1.0,2.0
501,2020-03-03,Brazil,BRA,1.0,2.0,0.0,0.0
502,2020-03-03,Australia,AUS,1.2999000333222257,39.0,1.0,11.0
503,2020-03-03,Canada,CAN,1.1110699740836727,30.0,0.0,6.0
504,2020-03-04,US,USA,1.254077534628309,153.0,11.0,8.0
505,2020-03-04,China,CHN,1.0014971738971223,80271.0,2981.0,49955.0
506,2020-03-04,India,IND,5.590818363273454,28.0,0.0,3.0
507,2020-03-04,Korea,KOR,1.0838795143086881,5621.0,35.0,41.0
508,2020-03-04,Singapore,SGP,1.0,110.0,0.0,78.0
509,2020-03-04,Italy,ITA,1.2346113724565448,3089.0,107.0,276.0
510,2020-03-04,UK,GBR,1.6665359733385612,85.0,0.0,8.0
511,2020-03-04,Germany,DEU,1.33671751441253,262.0,0.0,16.0
512,2020-03-04,Spain,ESP,1.3454336100842372,222.0,2.0,2.0
513,2020-03-04,Brazil,BRA,1.9950248756218907,4.0,0.0,0.0
514,2020-03-04,Australia,AUS,1.333247885157652,52.0,2.0,11.0
515,2020-03-04,Canada,CAN,1.099966677774075,33.0,0.0,6.0
516,2020-03-05,US,USA,1.4444153976864258,221.0,12.0,8.0
517,2020-03-05,China,CHN,1.001881127445637,80422.0,3013.0,52240.0
518,2020-03-05,India,IND,1.0714030703320243,30.0,0.0,3.0
519,2020-03-05,Korea,KOR,1.0830811544544485,6088.0,35.0,41.0
520,2020-03-05,Singapore,SGP,1.0636305790382692,117.0,0.0,78.0
521,2020-03-05,Italy,ITA,1.2489470736579034,3858.0,148.0,414.0
522,2020-03-05,UK,GBR,1.352899658863663,115.0,1.0,8.0
523,2020-03-05,Germany,DEU,1.8396626082973933,482.0,0.0,16.0
524,2020-03-05,Spain,ESP,1.16665915949732,259.0,3.0,2.0
525,2020-03-05,Brazil,BRA,1.0,4.0,0.0,0.0
526,2020-03-05,Australia,AUS,1.0576812151509325,55.0,2.0,21.0
527,2020-03-05,Canada,CAN,1.1211754013935171,37.0,0.0,6.0
528,2020-03-06,US,USA,1.2579068820415367,278.0,14.0,8.0
529,2020-03-06,China,CHN,1.0018775954493055,80573.0,3042.0,53888.0
530,2020-03-06,India,IND,1.0333222259246917,31.0,0.0,3.0
531,2020-03-06,Korea,KOR,1.0829499294514957,6593.0,42.0,135.0
532,2020-03-06,Singapore,SGP,1.11110161524656,130.0,0.0,78.0
533,2020-03-06,Italy,ITA,1.201658367915065,4636.0,197.0,523.0
534,2020-03-06,UK,GBR,1.417355012607599,163.0,2.0,8.0
535,2020-03-06,Germany,DEU,1.3900334017966431,670.0,0.0,17.0
536,2020-03-06,Spain,ESP,1.544380525848423,400.0,5.0,2.0
537,2020-03-06,Brazil,BRA,3.2443890274314215,13.0,0.0,0.0
538,2020-03-06,Australia,AUS,1.090892564988184,60.0,2.0,21.0
539,2020-03-06,Canada,CAN,1.3242366927857336,49.0,0.0,6.0
540,2020-03-07,US,USA,1.4999820150354304,417.0,17.0,8.0
541,2020-03-07,China,CHN,1.0009804772094277,80652.0,3070.0,55478.0
542,2020-03-07,India,IND,1.0967429861335052,34.0,0.0,3.0
543,2020-03-07,Korea,KOR,1.067950753904514,7041.0,44.0,135.0
544,2020-03-07,Singapore,SGP,1.0615337281747559,138.0,0.0,78.0
545,2020-03-07,Italy,ITA,1.268981300730585,5883.0,233.0,589.0
546,2020-03-07,UK,GBR,1.2637874976995276,206.0,2.0,18.0
547,2020-03-07,Germany,DEU,1.1925344397844808,799.0,0.0,18.0
548,2020-03-07,Spain,ESP,1.2499937501562461,500.0,10.0,30.0
549,2020-03-07,Brazil,BRA,1.0,13.0,0.0,0.0
550,2020-03-07,Australia,AUS,1.049991668055324,63.0,2.0,21.0
551,2020-03-07,Canada,CAN,1.1020199959192,54.0,0.0,8.0
552,2020-03-08,US,USA,1.2877628833840915,537.0,21.0,8.0
553,2020-03-08,China,CHN,1.0005827505104956,80699.0,3097.0,57320.0
554,2020-03-08,India,IND,1.1470155836518672,39.0,0.0,3.0
555,2020-03-08,Korea,KOR,1.0387728465092365,7314.0,50.0,118.0
556,2020-03-08,Singapore,SGP,1.0869502209984783,150.0,0.0,78.0
557,2020-03-08,Italy,ITA,1.2536116715762848,7375.0,366.0,622.0
558,2020-03-08,UK,GBR,1.3252269307315179,273.0,3.0,18.0
559,2020-03-08,Germany,DEU,1.3016232587827437,1040.0,0.0,18.0
560,2020-03-08,Spain,ESP,1.3459930801383972,673.0,17.0,30.0
561,2020-03-08,Brazil,BRA,1.5380476556495006,20.0,0.0,0.0
562,2020-03-08,Australia,AUS,1.2063164577051262,76.0,4.0,21.0
563,2020-03-08,Canada,CAN,1.1851508979818552,64.0,0.0,8.0
564,2020-03-09,US,USA,1.126627064672911,605.0,22.0,8.0
565,2020-03-09,China,CHN,1.0004461021269033,80735.0,3120.0,58735.0
566,2020-03-09,India,IND,1.102537810817739,43.0,0.0,3.0
567,2020-03-09,Korea,KOR,1.0224227202314462,7478.0,53.0,118.0
568,2020-03-09,Singapore,SGP,1.0,150.0,0.0,78.0
569,2020-03-09,Italy,ITA,1.243660686561781,9172.0,463.0,724.0
570,2020-03-09,UK,GBR,1.17581773561408,321.0,4.0,18.0
571,2020-03-09,Germany,DEU,1.1307679733848712,1176.0,2.0,18.0
572,2020-03-09,Spain,ESP,1.5943448091410233,1073.0,28.0,32.0
573,2020-03-09,Brazil,BRA,1.2498750624687656,25.0,0.0,0.0
574,2020-03-09,Australia,AUS,1.1973424549401395,91.0,4.0,21.0
575,2020-03-09,Canada,CAN,1.1874707077019215,76.0,1.0,8.0
576,2020-03-10,US,USA,1.5851142956314772,959.0,28.0,8.0
577,2020-03-10,China,CHN,1.000272496405215,80757.0,3136.0,60106.0
578,2020-03-10,India,IND,1.3022552894675656,56.0,0.0,4.0
579,2020-03-10,Korea,KOR,1.3372541625378943e-06,0.0,0.0,0.0
580,2020-03-10,Singapore,SGP,1.0666622225184987,160.0,0.0,78.0
581,2020-03-10,Italy,ITA,1.1065197268646676,10149.0,631.0,724.0
582,2020-03-10,UK,GBR,1.1900252328587895,382.0,6.0,18.0
583,2020-03-10,Germany,DEU,1.238943546398415,1457.0,2.0,18.0
584,2020-03-10,Spain,ESP,1.5796777290053214,1695.0,35.0,32.0
585,2020-03-10,Brazil,BRA,1.239904038384646,31.0,0.0,0.0
586,2020-03-10,Australia,AUS,1.175804856609164,107.0,3.0,21.0
587,2020-03-10,Canada,CAN,1.0394684909880278,79.0,1.0,8.0
588,2020-03-11,US,USA,1.335762922180165,1281.0,36.0,8.0
589,2020-03-11,China,CHN,1.0020307834576838,80921.0,3161.0,61644.0
590,2020-03-11,India,IND,1.107123727905731,62.0,1.0,4.0
591,2020-03-11,Korea,KOR,1.0,0.0,0.0,0.0
592,2020-03-11,Singapore,SGP,1.1124929691894256,178.0,0.0,96.0
593,2020-03-11,Italy,ITA,1.2279040024593533,12462.0,827.0,1045.0
594,2020-03-11,UK,GBR,1.2015654040470145,459.0,8.0,19.0
595,2020-03-11,Germany,DEU,1.3095380265063383,1908.0,3.0,25.0
596,2020-03-11,Spain,ESP,1.3433608061309374,2277.0,54.0,183.0
597,2020-03-11,Brazil,BRA,1.2257336343115124,38.0,0.0,0.0
598,2020-03-11,Australia,AUS,1.1962433417437621,128.0,3.0,21.0
599,2020-03-11,Canada,CAN,1.3670421465637261,108.0,1.0,8.0
600,2020-03-12,US,USA,1.2982021998266993,1663.0,40.0,12.0
601,2020-03-12,China,CHN,1.0001359350309642,80932.0,3172.0,62901.0
602,2020-03-12,India,IND,1.1773907434284794,73.0,1.0,4.0
603,2020-03-12,Korea,KOR,1.0,0.0,0.0,0.0
604,2020-03-12,Singapore,SGP,1.0,178.0,0.0,96.0
605,2020-03-12,Italy,ITA,1.0,12462.0,827.0,1045.0
606,2020-03-12,UK,GBR,1.0,459.0,8.0,19.0
607,2020-03-12,Germany,DEU,1.0890980655237656,2078.0,3.0,25.0
608,2020-03-12,Spain,ESP,1.0,2277.0,55.0,183.0
609,2020-03-12,Brazil,BRA,1.3683241252302025,52.0,0.0,0.0
610,2020-03-12,Australia,AUS,1.0,128.0,3.0,21.0
611,2020-03-12,Canada,CAN,1.0833256179983335,117.0,1.0,8.0
612,2020-03-13,US,USA,1.3102807559786172,2179.0,47.0,12.0
613,2020-03-13,China,CHN,1.000160628656078,80945.0,3180.0,64196.0
614,2020-03-13,India,IND,1.1232707848239967,82.0,2.0,4.0
615,2020-03-13,Korea,KOR,1.0,0.0,0.0,0.0
616,2020-03-13,Singapore,SGP,1.1235885624403124,200.0,0.0,97.0
617,2020-03-13,Italy,ITA,1.4171076736417318,17660.0,1266.0,1439.0
618,2020-03-13,UK,GBR,1.7450818064965905,801.0,8.0,19.0
619,2020-03-13,Germany,DEU,1.7685237318395965,3675.0,7.0,46.0
620,2020-03-13,Spain,ESP,2.29775451139872,5232.0,133.0,193.0
621,2020-03-13,Brazil,BRA,2.903480099980773,151.0,0.0,0.0
622,2020-03-13,Australia,AUS,1.5624560581204594,200.0,3.0,23.0
623,2020-03-13,Canada,CAN,1.6495171352875821,193.0,1.0,8.0
624,2020-03-14,US,USA,1.251031431705224,2726.0,54.0,12.0
625,2020-03-14,China,CHN,1.0003953301136166,80977.0,3193.0,65660.0
626,2020-03-14,India,IND,1.2438726984514084,102.0,2.0,4.0
627,2020-03-14,Korea,KOR,1.0,0.0,0.0,0.0
628,2020-03-14,Singapore,SGP,1.0599970001499925,212.0,0.0,105.0
629,2020-03-14,Italy,ITA,1.1980180079173228,21157.0,1441.0,1966.0
630,2020-03-14,UK,GBR,1.4269609617857455,1143.0,21.0,19.0
631,2020-03-14,Germany,DEU,1.2476183738275541,4585.0,9.0,46.0
632,2020-03-14,Spain,ESP,1.2215209833314538,6391.0,195.0,517.0
633,2020-03-14,Brazil,BRA,1.0,151.0,0.0,0.0
634,2020-03-14,Australia,AUS,1.2499875006249688,250.0,3.0,23.0
635,2020-03-14,Canada,CAN,1.0155432361017565,196.0,1.0,8.0
636,2020-03-15,US,USA,1.2835646237541314,3499.0,63.0,12.0
637,2020-03-15,China,CHN,1.0003210787852008,81003.0,3203.0,67017.0
638,2020-03-15,India,IND,1.1078325654347614,113.0,2.0,13.0
639,2020-03-15,Korea,KOR,1.0,0.0,0.0,0.0
640,2020-03-15,Singapore,SGP,1.066034621008443,226.0,0.0,105.0
641,2020-03-15,Italy,ITA,1.1696837123960333,24747.0,1809.0,2335.0
642,2020-03-15,UK,GBR,1.0008748829844007,1144.0,21.0,19.0
643,2020-03-15,Germany,DEU,1.2639034593163374,5795.0,11.0,46.0
644,2020-03-15,Spain,ESP,1.220152996161796,7798.0,289.0,517.0
645,2020-03-15,Brazil,BRA,1.0728428580888683,162.0,0.0,0.0
646,2020-03-15,Australia,AUS,1.187992480300788,297.0,3.0,23.0
647,2020-03-15,Canada,CAN,1.2754961481557063,250.0,1.0,8.0
648,2020-03-16,US,USA,1.3238058765193583,4632.0,85.0,17.0
649,2020-03-16,China,CHN,1.000370356607736,81033.0,3217.0,67910.0
650,2020-03-16,India,IND,1.0530926466684365,119.0,2.0,13.0
651,2020-03-16,Korea,KOR,1.0,0.0,0.0,0.0
652,2020-03-16,Singapore,SGP,1.0752179107119153,243.0,0.0,109.0
653,2020-03-16,Italy,ITA,1.130642045241021,27980.0,2158.0,2749.0
654,2020-03-16,UK,GBR,1.3557661209255163,1551.0,56.0,21.0
655,2020-03-16,Germany,DEU,1.2548744523305395,7272.0,17.0,67.0
656,2020-03-16,Spain,ESP,1.274941940315542,9942.0,342.0,530.0
657,2020-03-16,Brazil,BRA,1.2345534226282329,200.0,0.0,1.0
658,2020-03-16,Australia,AUS,1.2693512002962863,377.0,3.0,23.0
659,2020-03-16,Canada,CAN,1.6599736010559578,415.0,4.0,9.0
660,2020-03-17,US,USA,1.386225418338907,6421.0,108.0,17.0
661,2020-03-17,China,CHN,1.0003085162454166,81058.0,3230.0,68798.0
662,2020-03-17,India,IND,1.1932610704982773,142.0,3.0,14.0
663,2020-03-17,Korea,KOR,1.0,0.0,0.0,0.0
664,2020-03-17,Singapore,SGP,1.0946463108514053,266.0,0.0,114.0
665,2020-03-17,Italy,ITA,1.1260185396645677,31506.0,2503.0,2941.0
666,2020-03-17,UK,GBR,1.2636991379810576,1960.0,56.0,53.0
667,2020-03-17,Germany,DEU,1.2729644211160325,9257.0,24.0,67.0
668,2020-03-17,Spain,ESP,1.1816534081136512,11748.0,533.0,1028.0
669,2020-03-17,Brazil,BRA,1.6049697515124244,321.0,1.0,2.0
670,2020-03-17,Australia,AUS,1.1989337152860666,452.0,5.0,23.0
671,2020-03-17,Canada,CAN,1.1518035709982892,478.0,5.0,9.0
672,2020-03-18,US,USA,1.2125833786273499,7786.0,118.0,106.0
673,2020-03-18,China,CHN,1.0005428211227982,81102.0,3241.0,69755.0
674,2020-03-18,India,IND,1.0985846067178369,156.0,3.0,14.0
675,2020-03-18,Korea,KOR,1.0,0.0,0.0,0.0
676,2020-03-18,Singapore,SGP,1.1766850870268035,313.0,0.0,114.0
677,2020-03-18,Italy,ITA,1.1335300788643183,35713.0,2978.0,4025.0
678,2020-03-18,UK,GBR,1.3479574083805697,2642.0,72.0,67.0
679,2020-03-18,Germany,DEU,1.3316405621253515,12327.0,28.0,105.0
680,2020-03-18,Spain,ESP,1.1840311678318285,13910.0,623.0,1081.0
681,2020-03-18,Brazil,BRA,1.158873555340955,372.0,3.0,2.0
682,2020-03-18,Australia,AUS,1.256631490453751,568.0,6.0,23.0
683,2020-03-18,Canada,CAN,1.3744691533649924,657.0,8.0,9.0
684,2020-03-19,US,USA,1.7569987708723724,13680.0,200.0,108.0
685,2020-03-19,China,CHN,1.0006658281342227,81156.0,3249.0,70535.0
686,2020-03-19,India,IND,1.2435741298634704,194.0,4.0,15.0
687,2020-03-19,Korea,KOR,1.0,0.0,0.0,0.0
688,2020-03-19,Singapore,SGP,1.10223315549024,345.0,0.0,114.0
689,2020-03-19,Italy,ITA,1.149021323041659,41035.0,3405.0,4440.0
690,2020-03-19,UK,GBR,1.0280089780129522,2716.0,138.0,67.0
691,2020-03-19,Germany,DEU,1.242800159973911,15320.0,44.0,113.0
692,2020-03-19,Spain,ESP,1.2913729033983439,17963.0,830.0,1107.0
693,2020-03-19,Brazil,BRA,1.6693368457837154,621.0,6.0,2.0
694,2020-03-19,Australia,AUS,1.1989401595042342,681.0,6.0,26.0
695,2020-03-19,Canada,CAN,1.217652699350086,800.0,9.0,9.0
696,2020-03-20,US,USA,1.3962716401523096,19101.0,244.0,147.0
697,2020-03-20,China,CHN,1.00115826295551,81250.0,3253.0,71266.0
698,2020-03-20,India,IND,1.2577186742951394,244.0,5.0,20.0
699,2020-03-20,Korea,KOR,1.0,0.0,0.0,0.0
700,2020-03-20,Singapore,SGP,1.1159386684443928,385.0,0.0,124.0
701,2020-03-20,Italy,ITA,1.145875436608886,47021.0,4032.0,4440.0
702,2020-03-20,UK,GBR,1.4779069296504799,4014.0,178.0,67.0
703,2020-03-20,Germany,DEU,1.2955611647773075,19848.0,67.0,180.0
704,2020-03-20,Spain,ESP,1.1362243855567635,20410.0,1043.0,1588.0
705,2020-03-20,Brazil,BRA,1.2769681647638524,793.0,11.0,2.0
706,2020-03-20,Australia,AUS,1.1615247940558875,791.0,7.0,26.0
707,2020-03-20,Canada,CAN,1.1787477656529293,943.0,12.0,9.0
708,2020-03-21,US,USA,1.3346419901356001,25493.0,307.0,171.0
709,2020-03-21,China,CHN,1.0006769229936094,81305.0,3259.0,71857.0
710,2020-03-21,India,IND,1.3524445719437728,330.0,4.0,23.0
711,2020-03-21,Korea,KOR,1.0,0.0,0.0,0.0
712,2020-03-21,Singapore,SGP,1.122074751305161,432.0,2.0,140.0
713,2020-03-21,Italy,ITA,1.13944830193992,53578.0,4825.0,6072.0
714,2020-03-21,UK,GBR,1.2623311850244519,5067.0,234.0,67.0
715,2020-03-21,Germany,DEU,1.1191555223924212,22213.0,84.0,233.0
716,2020-03-21,Spain,ESP,1.2432139915659033,25374.0,1375.0,2125.0
717,2020-03-21,Brazil,BRA,1.2875121372996556,1021.0,15.0,2.0
718,2020-03-21,Australia,AUS,1.3539778258176256,1071.0,7.0,26.0
719,2020-03-21,Canada,CAN,1.3552454374821052,1278.0,19.0,10.0
720,2020-03-22,US,USA,1.3237358005194366,33746.0,427.0,0.0
721,2020-03-22,China,CHN,1.0011315415864286,81397.0,3265.0,72362.0
722,2020-03-22,India,IND,1.1999939395775885,396.0,7.0,24.0
723,2020-03-22,Korea,KOR,1.0,0.0,0.0,0.0
724,2020-03-22,Singapore,SGP,1.0532395083447141,455.0,2.0,144.0
725,2020-03-22,Italy,ITA,1.1037739176949648,59138.0,5476.0,7024.0
726,2020-03-22,UK,GBR,1.1330173021170276,5741.0,282.0,95.0
727,2020-03-22,Germany,DEU,1.11974964221418,24873.0,94.0,266.0
728,2020-03-22,Spain,ESP,1.1272561963993866,28603.0,1756.0,2125.0
729,2020-03-22,Brazil,BRA,1.5141967267705507,1546.0,25.0,2.0
730,2020-03-22,Australia,AUS,1.3912195030858723,1490.0,7.0,92.0
731,2020-03-22,Canada,CAN,1.1502335662475254,1470.0,21.0,0.0
732,2020-03-23,US,USA,1.2939903117435216,43667.0,552.0,0.0
733,2020-03-23,China,CHN,1.0012162608921384,81496.0,3274.0,72819.0
734,2020-03-23,India,IND,1.260094442059544,499.0,10.0,34.0
735,2020-03-23,Korea,KOR,1.0,0.0,0.0,0.0
736,2020-03-23,Singapore,SGP,1.118678710358014,509.0,2.0,152.0
737,2020-03-23,Italy,ITA,1.0809800667962957,63927.0,6077.0,7432.0
738,2020-03-23,UK,GBR,1.171572597852991,6726.0,336.0,140.0
739,2020-03-23,Germany,DEU,1.1681742579607375,29056.0,123.0,453.0
740,2020-03-23,Spain,ESP,1.228402535257653,35136.0,2311.0,3355.0
741,2020-03-23,Brazil,BRA,1.2445003589886223,1924.0,34.0,2.0
742,2020-03-23,Australia,AUS,1.12885819558258,1682.0,7.0,119.0
743,2020-03-23,Canada,CAN,1.4204053033652835,2088.0,25.0,0.0
744,2020-03-24,US,USA,1.2306775755885278,53740.0,706.0,348.0
745,2020-03-24,China,CHN,1.001165701241079,81591.0,3281.0,73280.0
746,2020-03-24,India,IND,1.0741468106851566,536.0,10.0,40.0
747,2020-03-24,Korea,KOR,1.0,0.0,0.0,0.0
748,2020-03-24,Singapore,SGP,1.096265299306497,558.0,2.0,156.0
749,2020-03-24,Italy,ITA,1.0821092680543012,69176.0,6820.0,8326.0
750,2020-03-24,UK,GBR,1.213796887010278,8164.0,423.0,140.0
751,2020-03-24,Germany,DEU,1.1352560107186087,32986.0,157.0,3243.0
752,2020-03-24,Spain,ESP,1.1351604806578777,39885.0,2808.0,3794.0
753,2020-03-24,Brazil,BRA,1.1678785453298062,2247.0,46.0,2.0
754,2020-03-24,Australia,AUS,1.215218696678379,2044.0,8.0,119.0
755,2020-03-24,Canada,CAN,1.3362052863731495,2790.0,26.0,110.0
756,2020-03-25,US,USA,1.2240044242641561,65778.0,942.0,361.0
757,2020-03-25,China,CHN,1.0008579376575923,81661.0,3285.0,73773.0
758,2020-03-25,India,IND,1.2257420570511743,657.0,12.0,43.0
759,2020-03-25,Korea,KOR,1.0,0.0,0.0,0.0
760,2020-03-25,Singapore,SGP,1.130822028279063,631.0,2.0,160.0
761,2020-03-25,Italy,ITA,1.0753151273107542,74386.0,7503.0,9362.0
762,2020-03-25,UK,GBR,1.1807935071123137,9640.0,466.0,140.0
763,2020-03-25,Germany,DEU,1.1314799819681132,37323.0,206.0,3547.0
764,2020-03-25,Spain,ESP,1.2414440914017573,49515.0,3647.0,5367.0
765,2020-03-25,Brazil,BRA,1.1366260052247208,2554.0,59.0,2.0
766,2020-03-25,Australia,AUS,1.1565550070694373,2364.0,8.0,119.0
767,2020-03-25,Canada,CAN,1.165232382679632,3251.0,30.0,183.0
768,2020-03-26,US,USA,1.2745294362052,83836.0,1209.0,681.0
769,2020-03-26,China,CHN,1.0014817352859093,81782.0,3291.0,74181.0
770,2020-03-26,India,IND,1.10654327940214,727.0,20.0,45.0
771,2020-03-26,Korea,KOR,1.0,0.0,0.0,0.0
772,2020-03-26,Singapore,SGP,1.0824075688182437,683.0,2.0,172.0
773,2020-03-26,Italy,ITA,1.0833893362475013,80589.0,8215.0,10361.0
774,2020-03-26,UK,GBR,1.22531096959443,11812.0,580.0,150.0
775,2020-03-26,Germany,DEU,1.1772365090596926,43938.0,267.0,5673.0
776,2020-03-26,Spain,ESP,1.1670402570856797,57786.0,4365.0,7015.0
777,2020-03-26,Brazil,BRA,1.1687542335386314,2985.0,77.0,6.0
778,2020-03-26,Australia,AUS,1.1886624845072566,2810.0,13.0,172.0
779,2020-03-26,Canada,CAN,1.24330900243309,4042.0,38.0,184.0
780,2020-03-27,US,USA,1.2125697537370874,101657.0,1581.0,869.0
781,2020-03-27,China,CHN,1.0014061772265075,81897.0,3296.0,74720.0
782,2020-03-27,India,IND,1.220079503720719,887.0,20.0,73.0
783,2020-03-27,Korea,KOR,1.0,0.0,0.0,0.0
784,2020-03-27,Singapore,SGP,1.0717412629390493,732.0,2.0,183.0
785,2020-03-27,Italy,ITA,1.0733226528034034,86498.0,9134.0,10950.0
786,2020-03-27,UK,GBR,1.2483065964217774,14745.0,761.0,151.0
787,2020-03-27,Germany,DEU,1.1577904870976177,50871.0,342.0,6658.0
788,2020-03-27,Spain,ESP,1.1372823629802438,65719.0,5138.0,9357.0
789,2020-03-27,Brazil,BRA,1.144723133255835,3417.0,92.0,6.0
790,2020-03-27,Australia,AUS,1.1185049163526108,3143.0,13.0,194.0
791,2020-03-27,Canada,CAN,1.158337064975099,4682.0,54.0,256.0
792,2020-03-28,US,USA,1.1949791755630035,121478.0,2026.0,1072.0
793,2020-03-28,China,CHN,1.001245466714841,81999.0,3299.0,75100.0
794,2020-03-28,India,IND,1.112738300582857,987.0,24.0,84.0
795,2020-03-28,Korea,KOR,1.0,0.0,0.0,0.0
796,2020-03-28,Singapore,SGP,1.095627108919277,802.0,2.0,198.0
797,2020-03-28,Italy,ITA,1.0690651727132219,92472.0,10023.0,12384.0
798,2020-03-28,UK,GBR,1.1740927947827773,17312.0,1021.0,151.0
799,2020-03-28,Germany,DEU,1.1341431986508623,57695.0,433.0,8481.0
800,2020-03-28,Spain,ESP,1.1143656911447692,73235.0,5982.0,12285.0
801,2020-03-28,Brazil,BRA,1.1425222636164365,3904.0,111.0,6.0
802,2020-03-28,Australia,AUS,1.1581286728327305,3640.0,14.0,244.0
803,2020-03-28,Canada,CAN,1.1909436331831842,5576.0,61.0,466.0
804,2020-03-29,US,USA,1.1597655411049292,140886.0,2467.0,2665.0
805,2020-03-29,China,CHN,1.0015000181099747,82122.0,3304.0,75582.0
806,2020-03-29,India,IND,1.0374869555526287,1024.0,27.0,95.0
807,2020-03-29,Korea,KOR,1.0,0.0,0.0,0.0
808,2020-03-29,Singapore,SGP,1.0523684243338611,844.0,3.0,212.0
809,2020-03-29,Italy,ITA,1.056417071500879,97689.0,10779.0,13030.0
810,2020-03-29,UK,GBR,1.1425599915896536,19780.0,1231.0,151.0
811,2020-03-29,Germany,DEU,1.07626309450332,62095.0,533.0,9211.0
812,2020-03-29,Spain,ESP,1.0938758662011516,80110.0,6803.0,14709.0
813,2020-03-29,Brazil,BRA,1.0901637034741203,4256.0,136.0,6.0
814,2020-03-29,Australia,AUS,1.0945052348757283,3984.0,16.0,244.0
815,2020-03-29,Canada,CAN,1.1262551537748318,6280.0,64.0,466.0
816,2020-03-30,US,USA,1.1484959365376306,161807.0,2978.0,5644.0
817,2020-03-30,China,CHN,1.0009254522630413,82198.0,3308.0,75923.0
818,2020-03-30,India,IND,1.2216775226804426,1251.0,32.0,102.0
819,2020-03-30,Korea,KOR,1.0,0.0,0.0,0.0
820,2020-03-30,Singapore,SGP,1.041468702977453,879.0,3.0,228.0
821,2020-03-30,Italy,ITA,1.0414580923688346,101739.0,11591.0,14620.0
822,2020-03-30,UK,GBR,1.1351364331969498,22453.0,1411.0,171.0
823,2020-03-30,Germany,DEU,1.0771398539109662,66885.0,645.0,13500.0
824,2020-03-30,Spain,ESP,1.0979403198177107,87956.0,7716.0,16780.0
825,2020-03-30,Brazil,BRA,1.075892678823593,4579.0,159.0,120.0
826,2020-03-30,Australia,AUS,1.0946282765354505,4361.0,17.0,257.0
827,2020-03-30,Canada,CAN,1.1780251942273978,7398.0,80.0,466.0
828,2020-03-31,US,USA,1.1629410246193908,188172.0,3873.0,7024.0
829,2020-03-31,China,CHN,1.0009854253162576,82279.0,3309.0,76206.0
830,2020-03-31,India,IND,1.1167057017929514,1397.0,35.0,123.0
831,2020-03-31,Korea,KOR,1.0,0.0,0.0,0.0
832,2020-03-31,Singapore,SGP,1.0534692438083753,926.0,3.0,240.0
833,2020-03-31,Italy,ITA,1.039837226644922,105792.0,12428.0,15729.0
834,2020-03-31,UK,GBR,1.1348594241930148,25481.0,1793.0,179.0
835,2020-03-31,Germany,DEU,1.0736039360687843,71808.0,775.0,16100.0
836,2020-03-31,Spain,ESP,1.0905793703011313,95923.0,8464.0,19259.0
837,2020-03-31,Brazil,BRA,1.2485253362626418,5717.0,201.0,127.0
838,2020-03-31,Australia,AUS,1.0454023265252774,4559.0,18.0,358.0
839,2020-03-31,Canada,CAN,1.1526086069091552,8527.0,101.0,1592.0
840,2020-04-01,US,USA,1.1339200234933984,213372.0,4757.0,8474.0
841,2020-04-01,China,CHN,1.0009966089771862,82361.0,3316.0,76405.0
842,2020-04-01,India,IND,1.430204508199655,1998.0,58.0,148.0
843,2020-04-01,Korea,KOR,1.0,0.0,0.0,0.0
844,2020-04-01,Singapore,SGP,1.0799127439228517,1000.0,3.0,245.0
845,2020-04-01,Italy,ITA,1.0452019013534197,110574.0,13155.0,16847.0
846,2020-04-01,UK,GBR,1.1720496950474097,29865.0,2357.0,179.0
847,2020-04-01,Germany,DEU,1.0844474035696017,77872.0,920.0,18700.0
848,2020-04-01,Spain,ESP,1.085433098898794,104118.0,9387.0,22647.0
849,2020-04-01,Brazil,BRA,1.1957316849192148,6836.0,240.0,127.0
850,2020-04-01,Australia,AUS,1.0664617976271165,4862.0,20.0,422.0
851,2020-04-01,Canada,CAN,1.121144457435842,9560.0,109.0,1324.0
852,2020-04-02,US,USA,1.1409791284245765,243453.0,5926.0,9001.0
853,2020-04-02,China,CHN,1.000862058393893,82432.0,3322.0,76565.0
854,2020-04-02,India,IND,1.2727714075505128,2543.0,72.0,191.0
855,2020-04-02,Korea,KOR,1.0,0.0,0.0,0.0
856,2020-04-02,Singapore,SGP,1.0489995100048999,1049.0,4.0,266.0
857,2020-04-02,Italy,ITA,1.0422160686765363,115242.0,13915.0,18278.0
858,2020-04-02,UK,GBR,1.1442490727443253,34173.0,2926.0,192.0
859,2020-04-02,Germany,DEU,1.088889448211238,84794.0,1107.0,22440.0
860,2020-04-02,Spain,ESP,1.0763268525781466,112065.0,10348.0,26743.0
861,2020-04-02,Brazil,BRA,1.1767112687079158,8044.0,324.0,127.0
862,2020-04-02,Australia,AUS,1.0522417683221548,5116.0,24.0,520.0
863,2020-04-02,Canada,CAN,1.1803345393990174,11284.0,139.0,1735.0
